City_ID,City,Country,Date,Lat,Lng,Max Temp,Humidity,Cloudiness,Wind Speed
0,Ust-Omchug,RU,2022-07-10 21:17:06,61.15,149.6333,69.64,52,26,6.29
1,Ushuaia,AR,2022-07-10 21:17:07,-54.8,-68.3,33.46,69,40,3.44
2,Hilo,US,2022-07-10 21:13:55,19.7297,-155.09,84.27,89,100,4.0
3,Kapaa,US,2022-07-10 21:17:07,22.0752,-159.319,84.52,72,20,17.27
4,Saint-Philippe,RE,2022-07-10 21:17:08,-21.3585,55.7679,63.21,76,37,13.6
5,Albany,US,2022-07-10 21:14:39,42.6001,-73.9662,81.68,35,84,3.22
6,Atar,MR,2022-07-10 21:17:08,20.5169,-13.0499,101.44,11,0,8.95
7,Yulara,AU,2022-07-10 21:17:08,-25.2406,130.9889,43.2,48,0,6.22
8,College,US,2022-07-10 21:17:09,64.8569,-147.8028,68.58,84,75,0.0
9,Kozhevnikovo,RU,2022-07-10 21:17:09,56.2589,83.9714,64.26,89,32,5.77
10,Puerto Baquerizo Moreno,EC,2022-07-10 21:17:09,-0.9,-89.6,71.46,81,84,13.76
11,Huangpi,CN,2022-07-10 21:17:10,30.8845,114.3779,89.71,62,0,8.95
12,Banjar,ID,2022-07-10 21:17:10,-8.19,114.9675,76.26,89,98,3.98
13,Lebu,CL,2022-07-10 21:16:59,-37.6167,-73.65,49.66,81,4,6.96
14,Rawson,AR,2022-07-10 21:17:11,-43.3002,-65.1023,39.7,95,100,30.38
15,Culleredo,ES,2022-07-10 21:17:11,43.2879,-8.3886,75.02,88,75,4.61
16,Punta Arenas,CL,2022-07-10 21:13:23,-53.15,-70.9167,35.11,80,20,3.44
17,Najran,SA,2022-07-10 21:15:06,17.4924,44.1277,81.16,28,100,7.05
18,Iqaluit,CA,2022-07-10 21:17:12,63.7506,-68.5145,53.33,66,20,3.44
19,Port Elizabeth,ZA,2022-07-10 21:13:49,-33.918,25.5701,55.69,88,0,11.5
20,Vaini,TO,2022-07-10 21:17:12,-21.2,-175.2,75.36,88,75,9.22
21,Grand-Lahou,CI,2022-07-10 21:17:13,5.1367,-5.0242,75.6,79,84,7.36
22,Jamestown,US,2022-07-10 21:17:13,42.097,-79.2353,82.06,29,0,5.75
23,Leningradskiy,RU,2022-07-10 21:17:14,69.3833,178.4167,37.89,86,100,12.59
24,Longyearbyen,SJ,2022-07-10 21:17:14,78.2186,15.6401,44.44,87,75,6.91
25,Sal Rei,CV,2022-07-10 21:13:37,16.1833,-22.9167,73.85,82,18,10.11
26,Qaanaaq,GL,2022-07-10 21:17:14,77.484,-69.3632,43.77,73,100,5.5
27,Rikitea,PF,2022-07-10 21:17:15,-23.1203,-134.9692,72.77,78,17,4.21
28,Isangel,VU,2022-07-10 21:17:15,-19.55,169.2667,80.71,83,40,4.61
29,Ostrovnoy,RU,2022-07-10 21:17:15,68.0531,39.5131,53.8,78,25,13.33
30,Thinadhoo,MV,2022-07-10 21:17:16,0.5333,72.9333,82.6,75,100,7.49
31,Yellowknife,CA,2022-07-10 21:17:16,62.456,-114.3525,68.56,77,75,11.5
32,Tiznit,MA,2022-07-10 21:17:16,29.5833,-9.5,91.44,10,26,2.55
33,Port Alfred,ZA,2022-07-10 21:17:17,-33.5906,26.891,59.2,77,82,18.5
34,Thompson,CA,2022-07-10 21:15:23,55.7435,-97.8558,82.56,34,40,6.91
35,Bluff,NZ,2022-07-10 21:17:17,-46.6,168.3333,32.81,80,68,15.52
36,Kungurtug,RU,2022-07-10 21:17:18,50.5994,97.5228,45.03,92,85,1.45
37,Victoria,HK,2022-07-10 21:17:18,22.2855,114.1577,85.32,86,90,5.01
38,Busselton,AU,2022-07-10 21:17:18,-33.65,115.3333,54.97,63,99,1.81
39,Pingliang,CN,2022-07-10 21:17:19,35.5392,106.6861,71.06,87,100,4.72
40,Bambari,CF,2022-07-10 21:17:19,5.768,20.6757,72.01,91,100,2.44
41,Hovd,MN,2022-07-10 21:17:19,48.0056,91.6419,57.54,53,7,4.61
42,Makakilo City,US,2022-07-10 21:17:20,21.3469,-158.0858,84.52,52,40,19.57
43,Codrington,AU,2022-07-10 21:17:20,-38.2667,141.9667,49.17,63,100,19.26
44,Esil,KZ,2022-07-10 21:17:21,51.9556,66.4042,66.09,78,78,11.61
45,Lata,PT,2022-07-10 21:17:21,40.1629,-8.3327,63.81,72,1,3.42
46,Fairbanks,US,2022-07-10 21:17:21,64.8378,-147.7164,68.59,85,40,0.0
47,Hobart,AU,2022-07-10 21:15:32,-42.8794,147.3294,50.25,77,75,12.66
48,Clonakilty,IE,2022-07-10 21:17:22,51.6231,-8.8706,61.09,89,0,5.1
49,Bowen,AU,2022-07-10 21:17:22,-20.0167,148.2333,52.02,64,0,7.74
50,Komsomolets,KZ,2022-07-10 21:17:23,53.7453,62.0708,66.76,71,100,6.8
51,Redlands,US,2022-07-10 21:17:23,34.0556,-117.1825,105.31,18,0,6.91
52,Atuona,PF,2022-07-10 21:17:23,-9.8,-139.0333,77.2,79,54,18.59
53,Constitucion,CL,2022-07-10 21:17:24,-35.3333,-72.4167,51.78,75,26,0.54
54,Birin,NP,2022-07-10 21:17:24,26.8865,88.0718,64.09,86,20,3.98
55,Gondanglegi,ID,2022-07-10 21:17:24,-7.7479,112.0132,73.27,92,34,7.65
56,Khatanga,RU,2022-07-10 21:17:25,71.9667,102.5,45.66,64,80,12.88
57,Jimeta,NG,2022-07-10 21:17:25,9.2833,12.4667,77.2,77,65,3.98
58,Hithadhoo,MV,2022-07-10 21:17:25,-0.6,73.0833,82.36,71,100,4.03
59,Ponta Do Sol,PT,2022-07-10 21:17:26,32.6667,-17.1,72.23,72,4,5.12
60,Kunming,CN,2022-07-10 21:17:26,25.0389,102.7183,62.53,94,40,6.71
61,Hasaki,JP,2022-07-10 21:17:26,35.7333,140.8333,75.6,90,0,2.08
62,Tasiilaq,GL,2022-07-10 21:17:27,65.6145,-37.6368,48.36,78,42,2.15
63,Kruisfontein,ZA,2022-07-10 21:17:23,-34.0033,24.7314,50.88,89,61,9.78
64,Yuncheng,CN,2022-07-10 21:17:27,35.0231,110.9928,74.64,79,100,6.82
65,Sao Borja,BR,2022-07-10 21:17:28,-28.6606,-56.0044,73.94,71,100,10.33
66,Dunedin,NZ,2022-07-10 21:15:23,-45.8742,170.5036,43.81,73,69,1.99
67,Mataura,NZ,2022-07-10 21:17:28,-46.1927,168.8643,32.49,91,58,3.85
68,Castro,BR,2022-07-10 21:17:28,-24.7911,-50.0119,59.63,74,6,3.47
69,Portland,US,2022-07-10 21:14:21,45.5234,-122.6762,81.21,49,75,8.05
70,Xichang,CN,2022-07-10 21:17:29,27.8964,102.2634,65.97,92,93,2.48
71,Husavik,IS,2022-07-10 21:17:29,66.0449,-17.3389,54.01,91,100,2.44
72,Puerto Ayora,EC,2022-07-10 21:17:30,-0.7393,-90.3518,80.56,90,55,8.01
73,Maniitsoq,GL,2022-07-10 21:17:30,65.4167,-52.9,41.5,87,95,15.5
74,Platteville,US,2022-07-10 21:17:00,42.7342,-90.4785,81.52,69,0,10.36
75,Arraial Do Cabo,BR,2022-07-10 21:17:31,-22.9661,-42.0278,73.26,73,0,17.27
76,Kodiak,US,2022-07-10 21:17:31,57.79,-152.4072,60.31,63,100,14.97
77,Lodwar,KE,2022-07-10 21:17:31,3.1191,35.5973,85.12,35,89,11.97
78,Clyde River,CA,2022-07-10 21:17:32,70.4692,-68.5914,48.43,71,100,4.61
79,Lompoc,US,2022-07-10 21:17:32,34.6391,-120.4579,86.14,77,40,15.01
80,Cabo San Lucas,MX,2022-07-10 21:13:34,22.8909,-109.9124,98.62,31,20,16.11
81,Anadyr,RU,2022-07-10 21:17:32,64.75,177.4833,50.5,93,75,13.42
82,Anito,PH,2022-07-10 21:17:33,12.4497,125.2886,77.49,92,100,5.21
83,Keti Bandar,PK,2022-07-10 21:17:33,24.1447,67.4497,82.83,85,100,17.67
84,Kvareli,GE,2022-07-10 21:17:33,41.9524,45.8151,74.21,41,17,6.4
85,Saravan,AM,2022-07-10 21:17:34,39.7196,45.6483,63.57,48,54,8.16
86,Faya,SA,2022-07-10 21:17:34,18.3851,42.4509,68.11,45,84,0.63
87,San Cristobal,VE,2022-07-10 21:17:34,7.7669,-72.225,82.58,56,85,6.22
88,Bredasdorp,ZA,2022-07-10 21:17:35,-34.5322,20.0403,49.5,85,57,6.58
89,Lasa,IT,2022-07-10 21:17:35,46.6166,10.7002,65.28,81,6,6.26
90,Aluksne,LV,2022-07-10 21:17:35,57.4167,27.05,56.32,78,100,2.8
91,Kuminskiy,RU,2022-07-10 21:17:36,58.6667,66.5667,66.09,75,59,4.23
92,Bilibino,RU,2022-07-10 21:17:36,68.0546,166.4372,46.4,69,50,2.93
93,Muros,ES,2022-07-10 21:17:36,42.7762,-9.0603,64.09,85,27,3.98
94,Likasi,CD,2022-07-10 21:17:37,-10.9814,26.7333,58.05,55,5,2.48
95,Salamanca,ES,2022-07-10 21:14:45,40.8333,-6.0,81.0,21,47,5.35
96,Zvishavane,ZW,2022-07-10 21:17:37,-20.3267,30.0665,58.01,49,1,2.13
97,Marawi,PH,2022-07-10 21:17:37,7.9986,124.2928,69.75,87,97,5.17
98,Zatyshshya,UA,2022-07-10 21:17:38,47.3335,29.8733,64.62,56,64,11.3
99,Barrow,US,2022-07-10 21:17:38,71.2906,-156.7887,60.82,67,75,4.61
100,Bambous Virieux,MU,2022-07-10 21:17:38,-20.3428,57.7575,70.21,68,40,17.27
101,Olinda,BR,2022-07-10 21:17:23,-8.0089,-34.8553,78.53,73,40,13.8
102,Luderitz,NA,2022-07-10 21:13:22,-26.6481,15.1594,56.41,75,0,11.92
103,Whitehorse,CA,2022-07-10 21:12:44,60.7161,-135.0538,68.02,39,68,5.01
104,Okha,RU,2022-07-10 21:17:39,53.5739,142.9478,67.24,84,100,11.88
105,Cape Town,ZA,2022-07-10 21:15:36,-33.9258,18.4232,56.37,84,23,1.01
106,Huinan,CN,2022-07-10 21:17:40,42.6225,126.2614,61.86,87,28,2.82
107,Port Lincoln,AU,2022-07-10 21:17:40,-34.7333,135.8667,54.05,52,96,13.67
108,Port Hardy,CA,2022-07-10 21:15:20,50.6996,-127.4199,64.58,77,75,12.66
109,Nuuk,GL,2022-07-10 21:17:40,64.1835,-51.7216,45.21,76,40,8.99
110,Pevek,RU,2022-07-10 21:17:41,69.7008,170.3133,32.85,86,93,3.44
111,Dirba,IN,2022-07-10 21:17:41,30.0667,75.9833,83.41,76,39,2.37
112,Byron Bay,AU,2022-07-10 21:17:14,-28.65,153.6167,51.71,83,68,11.65
113,Carnarvon,AU,2022-07-10 21:17:42,-24.8667,113.6333,59.41,65,0,17.56
114,Derzhavinsk,KZ,2022-07-10 21:17:42,51.1,66.3167,65.35,77,62,10.29
115,Vestmannaeyjar,IS,2022-07-10 21:17:42,63.4427,-20.2734,51.42,95,100,10.31
116,Jinchang,CN,2022-07-10 21:17:43,38.4953,102.1739,64.9,75,99,4.27
117,Mankono,CI,2022-07-10 21:17:43,8.0586,-6.1897,71.98,86,92,4.27
118,Camapua,BR,2022-07-10 21:17:43,-19.5314,-54.0439,80.73,30,36,5.12
119,Maningrida,AU,2022-07-10 21:17:44,-12.0667,134.2667,56.52,92,66,10.31
120,Ayan,RU,2022-07-10 21:17:44,56.45,138.1667,56.88,97,100,11.65
121,Mitsamiouli,KM,2022-07-10 21:17:44,-11.3847,43.2844,75.42,70,2,6.76
122,Paamiut,GL,2022-07-10 21:17:45,61.994,-49.6678,39.69,91,24,20.51
123,Half Moon Bay,US,2022-07-10 21:15:19,37.4636,-122.4286,97.54,58,0,10.36
124,Saskylakh,RU,2022-07-10 21:17:45,71.9167,114.0833,46.69,81,100,11.68
125,Maltahohe,NA,2022-07-10 21:17:46,-24.8333,16.9833,46.08,50,0,11.21
126,Lagunas,PE,2022-07-10 21:17:46,-5.2269,-75.6753,82.0,72,80,3.15
127,Les Cayes,HT,2022-07-10 21:17:46,18.2,-73.75,84.9,65,100,9.62
128,Pahrump,US,2022-07-10 21:13:48,36.2083,-115.9839,106.25,11,3,10.0
129,Geraldton,AU,2022-07-10 21:17:47,-28.7667,114.6,46.81,87,23,3.44
130,Zitsa,GR,2022-07-10 21:17:47,39.6943,20.6372,69.76,60,43,2.3
131,Wasilla,US,2022-07-10 21:17:47,61.5814,-149.4394,70.07,62,75,6.91
132,Kavaratti,IN,2022-07-10 21:17:48,10.5669,72.642,81.27,80,100,20.87
133,Monroe,US,2022-07-10 21:17:03,43.1501,-77.6831,84.42,43,75,5.01
134,Stamford,US,2022-07-10 21:16:19,41.0534,-73.5387,85.23,46,20,5.75
135,Sojat,IN,2022-07-10 21:17:48,25.9167,73.6667,83.44,71,92,5.19
136,Ulladulla,AU,2022-07-10 21:17:49,-35.35,150.4667,48.87,87,56,6.53
137,Norman Wells,CA,2022-07-10 21:17:49,65.282,-126.8329,75.24,50,100,2.3
138,Faanui,PF,2022-07-10 21:17:49,-16.4833,-151.75,78.53,73,90,19.01
139,Sola,VU,2022-07-10 21:17:50,-13.8833,167.55,81.52,70,14,13.04
140,Hermanus,ZA,2022-07-10 21:17:50,-34.4187,19.2345,50.81,69,58,7.61
141,Kiili,EE,2022-07-10 21:17:51,59.3069,24.8378,55.29,94,20,2.3
142,Raipur,IN,2022-07-10 21:17:51,21.2333,81.6333,80.51,81,100,3.4
143,Avarua,CK,2022-07-10 21:17:51,-21.2078,-159.775,77.05,50,75,8.05
144,Pakxe,LA,2022-07-10 21:17:52,15.1167,105.7833,73.18,98,95,2.3
145,Cleethorpes,GB,2022-07-10 21:17:52,53.5605,-0.0323,64.65,88,20,8.05
146,Warah,PK,2022-07-10 21:17:52,27.4481,67.7978,91.83,57,96,3.85
147,Butaritari,KI,2022-07-10 21:17:53,3.0707,172.7902,82.63,77,16,16.96
148,Georgetown,MY,2022-07-10 21:17:53,5.4112,100.3354,82.89,86,20,4.61
149,Pervomayskiy,RU,2022-07-10 21:17:53,53.2485,40.2871,66.25,75,75,13.13
150,Kaeo,NZ,2022-07-10 21:17:54,-35.1,173.7833,59.32,97,100,7.85
151,Hazorasp,UZ,2022-07-10 21:17:54,41.3194,61.0742,71.44,31,0,13.49
152,Inta,RU,2022-07-10 21:17:54,66.0317,60.1659,56.57,67,51,6.04
153,Mar Del Plata,AR,2022-07-10 21:15:24,-38.0023,-57.5575,54.09,76,0,10.0
154,Moindou,NC,2022-07-10 21:17:55,-21.6924,165.677,76.8,81,19,6.58
155,Sarakhs,IR,2022-07-10 21:17:55,36.5449,61.1577,77.14,29,0,2.3
156,Miyazu,JP,2022-07-10 21:17:56,35.5333,135.1833,73.53,94,95,4.5
157,Gold Coast,AU,2022-07-10 21:17:56,-28.0,153.4333,55.47,89,40,9.22
158,Aripuana,BR,2022-07-10 21:17:56,-9.1667,-60.6333,87.82,47,53,2.91
159,Takaungu,KE,2022-07-10 21:17:57,-3.6837,39.8566,73.56,81,60,15.5
160,Richards Bay,ZA,2022-07-10 21:17:57,-28.783,32.0377,64.08,55,0,6.22
161,Bud,US,2022-07-10 21:17:58,39.447,-86.1758,87.78,41,0,6.38
162,Umm Lajj,SA,2022-07-10 21:17:58,25.0213,37.2685,85.12,60,85,3.67
163,Marsa Matruh,EG,2022-07-10 21:17:58,31.3525,27.2453,76.84,69,2,9.1
164,Torbay,CA,2022-07-10 21:16:25,47.6666,-52.7314,66.76,60,20,23.02
165,Tuktoyaktuk,CA,2022-07-10 21:17:59,69.4541,-133.0374,50.0,93,100,4.61
166,Chekmagush,RU,2022-07-10 21:17:59,55.1319,54.6556,63.77,82,60,3.56
167,Kaitangata,NZ,2022-07-10 21:18:00,-46.2817,169.8464,38.71,84,63,6.31
168,Esperance,AU,2022-07-10 21:18:00,-33.8667,121.9,54.59,77,83,8.81
169,Pangoa,PE,2022-07-10 21:18:01,-12.1167,-73.0,85.5,47,51,4.43
170,Mount Gambier,AU,2022-07-10 21:18:01,-37.8333,140.7667,47.43,62,100,11.16
171,Dikson,RU,2022-07-10 21:18:01,73.5069,80.5464,37.83,90,100,2.91
172,Ust-Koksa,RU,2022-07-10 21:18:02,50.2696,85.6108,50.59,92,17,0.81
173,Airai,TL,2022-07-10 21:18:02,-8.9266,125.4092,54.93,91,82,3.71
174,Grand Gaube,MU,2022-07-10 21:18:03,-20.0064,57.6608,70.38,66,95,7.0
175,Lagos,NG,2022-07-10 21:13:42,6.5833,3.75,74.77,90,96,5.32
176,Salvador,SV,2022-07-10 21:18:03,13.8333,-88.9167,81.0,54,100,1.32
177,Talnakh,RU,2022-07-10 21:18:03,69.4865,88.3972,47.21,61,26,6.8
178,Duluth,US,2022-07-10 21:13:53,46.7833,-92.1066,80.56,72,0,17.27
179,Avera,US,2022-07-10 21:18:04,33.194,-82.5271,87.31,62,93,6.62
180,Baglung,NP,2022-07-10 21:18:04,28.2719,83.5898,70.52,91,84,3.02
181,Tinguindin,MX,2022-07-10 21:18:05,19.75,-102.4833,74.37,66,54,4.81
182,Taybad,IR,2022-07-10 21:18:05,34.74,60.7756,77.59,17,0,11.12
183,Los Llanos De Aridane,ES,2022-07-10 21:18:05,28.6585,-17.9182,69.55,78,0,13.8
184,Bethel,US,2022-07-10 21:16:33,41.3712,-73.414,83.73,43,0,5.75
185,Linkuva,LT,2022-07-10 21:18:06,56.0856,23.9725,57.87,87,11,2.64
186,Celestun,MX,2022-07-10 21:18:06,20.8667,-90.4,85.19,66,81,12.59
187,Viseu,PT,2022-07-10 21:18:07,40.661,-7.9097,72.86,52,4,2.71
188,Salalah,OM,2022-07-10 21:18:07,17.0151,54.0924,75.29,100,100,6.91
189,Sovetskiy,RU,2022-07-10 21:18:08,61.3614,63.5842,66.9,54,71,6.33
190,Goulburn,AU,2022-07-10 21:18:08,-34.75,149.7167,35.96,94,59,2.06
191,Ahipara,NZ,2022-07-10 21:18:09,-35.1667,173.1667,56.7,92,100,7.92
192,Mamontovo,RU,2022-07-10 21:18:09,52.7055,81.6244,62.49,78,5,7.94
193,Robertsport,LR,2022-07-10 21:18:09,6.7533,-11.3686,77.4,80,98,13.98
194,Abrau-Dyurso,RU,2022-07-10 21:18:10,44.69,37.59,74.66,85,96,5.41
195,Japura,ID,2022-07-10 21:18:10,-0.3167,102.35,73.38,97,90,1.83
196,Shelabolikha,RU,2022-07-10 21:18:10,53.4131,82.6167,62.28,89,10,6.06
197,Honiara,SB,2022-07-10 21:17:33,-9.4333,159.95,79.09,75,87,4.38
198,At-Bashi,KG,2022-07-10 21:18:11,41.1702,75.8106,57.96,60,100,8.03
199,Bilma,NE,2022-07-10 21:18:11,18.6853,12.9164,95.13,22,93,9.24
200,Evensk,RU,2022-07-10 21:18:12,61.95,159.2333,61.54,62,6,2.37
201,Chapais,CA,2022-07-10 21:18:12,49.7834,-74.8492,67.78,27,96,9.6
202,Bardiyah,LY,2022-07-10 21:18:12,31.7561,25.0865,76.19,69,0,11.32
203,Port Macquarie,AU,2022-07-10 21:18:13,-31.4333,152.9167,55.33,80,75,9.31
204,Stromness,GB,2022-07-10 21:15:51,58.965,-3.296,53.87,89,21,1.01
205,Mage,BR,2022-07-10 21:18:13,-22.6528,-43.0406,78.55,62,44,3.56
206,Mahebourg,MU,2022-07-10 21:18:14,-20.4081,57.7,70.25,68,40,17.27
207,Srednekolymsk,RU,2022-07-10 21:18:14,67.45,153.6833,65.5,45,36,17.02
208,Luwuk,ID,2022-07-10 21:18:14,-0.9516,122.7875,74.35,90,100,3.22
209,Belmonte,BR,2022-07-10 21:18:15,-15.8631,-38.8828,72.79,76,7,7.96
210,Langenburg,DE,2022-07-10 21:18:15,49.2544,9.8458,61.7,57,100,6.91
211,Antalaha,MG,2022-07-10 21:18:15,-14.9003,50.2788,69.71,81,94,15.35
212,Broken Hill,AU,2022-07-10 21:18:16,-31.95,141.4333,43.81,60,100,6.67
213,The Pas,CA,2022-07-10 21:18:16,53.8251,-101.2541,71.62,60,100,6.91
214,Bakani,IN,2022-07-10 21:18:16,24.2833,76.2333,80.15,84,21,4.43
215,Zaysan,KZ,2022-07-10 21:18:17,47.4667,84.8667,63.05,51,10,6.2
216,Port Blair,IN,2022-07-10 21:18:17,11.6667,92.75,80.64,94,100,4.61
217,Plerin,FR,2022-07-10 21:18:17,48.5425,-2.7798,65.44,80,0,7.0
218,Twentynine Palms,US,2022-07-10 21:18:18,34.1356,-116.0542,108.14,9,7,3.0
219,Yakima,US,2022-07-10 21:18:18,46.4665,-120.6678,86.18,29,0,4.61
220,Moose Factory,CA,2022-07-10 21:18:18,51.2585,-80.6094,66.2,72,100,3.44
221,Riyadh,SA,2022-07-10 21:18:19,24.6877,46.7219,91.54,9,100,7.61
222,Solnechnyy,RU,2022-07-10 21:18:19,50.7214,136.6319,68.23,74,26,1.36
223,Suffolk,US,2022-07-10 21:17:51,40.8668,-72.7996,81.41,60,0,9.22
224,Andenes,NO,2022-07-10 21:18:19,69.3143,16.1194,53.92,93,40,4.61
225,Pafos,CY,2022-07-10 21:18:20,34.7667,32.4167,74.98,78,20,3.44
226,Tessalit,ML,2022-07-10 21:18:20,20.1986,1.0114,98.02,9,35,6.78
227,Aklavik,CA,2022-07-10 21:18:20,68.2191,-135.0107,74.01,44,75,8.55
228,Yerbogachen,RU,2022-07-10 21:18:21,61.2767,108.0108,55.65,75,16,4.61
229,Yar-Sale,RU,2022-07-10 21:18:21,66.8333,70.8333,48.54,87,21,8.52
230,Sao Filipe,CV,2022-07-10 21:18:22,14.8961,-24.4956,73.98,84,24,6.76
231,Chokurdakh,RU,2022-07-10 21:18:22,70.6333,147.9167,64.2,46,98,9.95
232,Broome,US,2022-07-10 21:18:23,42.2506,-75.833,81.66,38,0,1.99
233,Dobrinka,RU,2022-07-10 21:18:23,52.1653,40.4731,66.58,67,79,11.68
234,Borujerd,IR,2022-07-10 21:18:23,33.8973,48.7516,77.23,21,0,2.37
235,Asau,RO,2022-07-10 21:18:24,46.4333,26.4,59.92,90,82,5.14
236,Boksburg,ZA,2022-07-10 21:18:24,-26.212,28.2596,52.56,66,5,5.46
237,New Norfolk,AU,2022-07-10 21:18:24,-42.7826,147.0587,49.5,78,100,3.15
238,Nanortalik,GL,2022-07-10 21:18:25,60.1432,-45.2371,43.43,84,60,4.21
239,Camalu,MX,2022-07-10 21:18:25,30.85,-116.0667,77.97,55,16,13.47
240,Iskateley,RU,2022-07-10 21:18:25,67.6803,53.1512,49.19,85,100,7.16
241,Bantou,CN,2022-07-10 21:18:26,26.2151,117.4893,76.66,86,28,2.17
242,Saint-Pierre,RE,2022-07-10 21:18:26,-21.3393,55.4781,69.91,72,0,8.05
243,Gigmoto,PH,2022-07-10 21:18:26,13.7796,124.39,80.29,84,91,3.44
244,Hirara,JP,2022-07-10 21:18:27,24.8,125.2833,84.61,73,10,11.48
245,Cidreira,BR,2022-07-10 21:18:27,-30.1811,-50.2056,63.97,86,100,9.84
246,Chimore,BO,2022-07-10 21:18:27,-16.9833,-65.1333,85.84,49,89,2.3
247,Cam Ranh,VN,2022-07-10 21:18:28,11.9214,109.1591,76.96,88,75,1.14
248,Provideniya,RU,2022-07-10 21:18:28,64.3833,-173.3,51.91,87,75,7.0
249,Linjiang,CN,2022-07-10 21:18:28,41.8069,126.9078,62.42,98,62,0.89
250,Soe,ID,2022-07-10 21:18:29,-9.8607,124.284,62.71,92,97,3.87
251,Bahia De Caraquez,EC,2022-07-10 21:18:29,-0.6,-80.4167,77.18,76,76,9.15
252,Hamilton,US,2022-07-10 21:16:36,39.1834,-84.5333,88.65,51,40,9.22
253,Uberaba,BR,2022-07-10 21:18:30,-19.7483,-47.9319,75.78,38,0,4.61
254,Tornio,FI,2022-07-10 21:18:30,65.8481,24.1466,57.22,92,98,3.71
255,Bairiki,KI,2022-07-10 21:18:30,1.3292,172.9752,82.4,89,40,10.36
256,Hit,IQ,2022-07-10 21:18:31,33.6416,42.8251,89.92,18,0,13.18
257,Tamandare,BR,2022-07-10 21:18:31,-8.7597,-35.1047,75.22,80,3,9.82
258,Rafraf,TN,2022-07-10 21:18:31,37.1904,10.1837,75.51,76,0,8.48
259,Mikhaylovskoye,RU,2022-07-10 21:18:32,51.8239,79.7172,65.86,74,21,6.76
260,Abha,SA,2022-07-10 21:18:32,18.2164,42.5053,67.82,64,0,10.36
261,Belyy Yar,RU,2022-07-10 21:18:32,53.6039,91.3903,64.29,72,0,4.47
262,Sorland,NO,2022-07-10 21:18:33,67.667,12.6934,53.46,86,42,8.5
263,Yumen,CN,2022-07-10 21:18:33,40.2833,97.2,71.87,48,77,5.21
264,Omsukchan,RU,2022-07-10 21:18:33,62.5333,155.8,71.42,57,22,9.4
265,Dubai,AE,2022-07-10 21:17:37,25.2582,55.3047,93.45,55,0,14.97
266,Marrakesh,MA,2022-07-10 21:17:04,31.6315,-8.0083,98.67,19,20,6.91
267,Bathsheba,BB,2022-07-10 21:18:34,13.2167,-59.5167,84.81,84,20,18.41
268,Haines Junction,CA,2022-07-10 21:18:34,60.7522,-137.5108,67.95,42,99,2.3
269,Yambio,SS,2022-07-10 21:18:34,4.5721,28.3955,68.04,85,96,2.98
270,Muzhi,RU,2022-07-10 21:18:35,65.3667,64.6667,56.1,71,8,4.14
271,Ambilobe,MG,2022-07-10 21:18:35,-13.2,49.05,64.9,74,6,4.34
272,Acajutla,SV,2022-07-10 21:18:35,13.5928,-89.8275,84.99,67,53,5.99
273,Cayenne,GF,2022-07-10 21:18:36,4.9333,-52.3333,83.08,1,47,0.0
274,Loandjili,CG,2022-07-10 21:18:36,-4.7561,11.8578,70.39,83,67,5.1
275,Zheleznogorsk-Ilimskiy,RU,2022-07-10 21:18:36,56.5768,104.1217,53.8,84,100,3.33
276,Petropavlovsk-Kamchatskiy,RU,2022-07-10 21:18:37,53.0452,158.6483,73.99,78,40,4.47
277,Formosa,AR,2022-07-10 21:17:40,-26.1775,-58.1781,82.38,57,0,11.5
278,Mpongwe,ZM,2022-07-10 21:18:37,-13.5091,28.155,53.85,73,0,4.85
279,Bundaberg,AU,2022-07-10 21:18:37,-24.85,152.35,48.22,84,1,3.0
280,Upernavik,GL,2022-07-10 21:18:09,72.7868,-56.1549,38.91,84,54,4.25
281,Bengkulu,ID,2022-07-10 21:18:38,-3.8004,102.2655,74.1,89,99,4.21
282,Catuday,PH,2022-07-10 21:18:38,16.2923,119.8062,81.09,80,13,4.72
283,Garden City,US,2022-07-10 21:18:39,42.3256,-83.331,86.65,33,20,3.44
284,Katsuura,JP,2022-07-10 21:18:39,35.1333,140.3,75.43,92,7,2.8
285,Baturaja,ID,2022-07-10 21:18:39,-4.1333,104.1667,70.25,96,81,2.91
286,Chirongui,YT,2022-07-10 21:18:40,-12.9319,45.1483,69.73,65,0,12.82
287,East London,ZA,2022-07-10 21:15:14,-33.0153,27.9116,62.71,64,99,7.45
288,Kavieng,PG,2022-07-10 21:18:40,-2.5744,150.7967,81.48,78,58,11.54
289,Sabha,LY,2022-07-10 21:18:40,27.0377,14.4283,90.28,27,0,16.51
290,Quelimane,MZ,2022-07-10 21:18:41,-17.8786,36.8883,67.95,94,20,3.44
291,Innisfail,AU,2022-07-10 21:16:22,-17.5333,146.0333,56.08,76,5,5.91
292,Narsaq,GL,2022-07-10 21:18:41,60.9167,-46.05,57.42,79,9,6.46
293,Ingham,US,2022-07-10 21:18:42,42.6,-84.3833,84.18,38,0,3.44
294,Guerrero Negro,MX,2022-07-10 21:18:42,27.9769,-114.0611,77.61,58,11,17.18
295,Along,IN,2022-07-10 21:18:42,28.1667,94.7667,74.35,98,100,1.59
296,Hualmay,PE,2022-07-10 21:18:42,-11.0964,-77.6139,65.41,76,23,11.5
297,Sao Francisco,BR,2022-07-10 21:18:43,-15.9486,-44.8644,73.2,31,2,3.6
298,Vostok,RU,2022-07-10 21:18:43,46.4856,135.8833,64.35,91,71,2.46
299,Harnosand,SE,2022-07-10 21:18:43,62.6323,17.9379,55.42,87,17,8.21
300,Razdolinsk,RU,2022-07-10 21:18:44,58.4211,94.6658,57.25,97,11,3.0
301,Lavrentiya,RU,2022-07-10 21:18:44,65.5833,-171.0,49.6,82,100,6.35
302,Manggar,ID,2022-07-10 21:18:44,-2.8833,108.2667,81.32,78,93,8.86
303,Yamethin,MM,2022-07-10 21:18:45,20.4333,96.15,74.57,94,93,6.8
304,Laguna,US,2022-07-10 21:18:45,38.421,-121.4238,100.49,26,0,6.91
305,Pahalgam,IN,2022-07-10 21:18:45,34.0333,75.3333,60.39,86,57,1.07
306,Souillac,MU,2022-07-10 21:18:46,-20.5167,57.5167,70.18,68,40,17.27
307,La Ronge,CA,2022-07-10 21:18:46,55.1001,-105.2842,77.25,31,75,12.66
308,Necochea,AR,2022-07-10 21:18:47,-38.5473,-58.7368,50.36,67,100,9.71
309,Amga,RU,2022-07-10 21:18:47,60.8953,131.9608,66.43,98,99,5.53
310,Fortuna,US,2022-07-10 21:18:47,40.5982,-124.1573,72.93,71,0,7.0
311,Marsh Harbour,BS,2022-07-10 21:18:48,26.5412,-77.0636,84.33,69,45,6.53
312,Goma,CD,2022-07-10 21:18:48,-1.6792,29.2228,65.61,70,100,1.7
313,Luangwa,ZM,2022-07-10 21:18:48,-15.6167,30.4167,63.77,53,16,2.59
314,Atambua,ID,2022-07-10 21:18:49,-9.1061,124.8925,69.04,86,73,6.89
315,Weligama,LK,2022-07-10 21:18:49,5.9667,80.4167,77.81,87,100,16.98
316,Hastings,GB,2022-07-10 21:18:49,50.8552,0.5729,67.32,61,23,3.29
317,Fort Nelson,CA,2022-07-10 21:15:19,58.8053,-122.7002,67.59,49,75,8.05
318,Asyut,EG,2022-07-10 21:18:50,27.181,31.1837,88.88,31,7,9.82
319,Egvekinot,RU,2022-07-10 21:18:50,66.3167,-179.1667,42.55,89,100,5.39
320,High Level,CA,2022-07-10 21:18:51,58.5169,-117.136,69.91,68,75,9.22
321,Labuan,MY,2022-07-10 21:18:51,5.2767,115.2417,77.36,83,20,2.3
322,Axim,GH,2022-07-10 21:18:51,4.8699,-2.2405,75.74,83,70,7.67
323,Alterosa,BR,2022-07-10 21:18:52,-21.2492,-46.1431,64.94,53,7,3.74
324,Hofn,IS,2022-07-10 21:18:52,64.2539,-15.2082,50.25,98,100,13.82
325,Tokur,RU,2022-07-10 21:18:52,53.1333,132.9,57.24,93,74,3.18
326,Seymchan,RU,2022-07-10 21:18:53,62.8833,152.4333,74.44,56,75,6.4
327,Turayf,SA,2022-07-10 21:18:53,31.6725,38.6637,79.05,47,0,13.8
328,Nuevo Laredo,MX,2022-07-10 21:16:48,27.4763,-99.5164,106.07,22,20,9.22
329,Itoman,JP,2022-07-10 21:18:53,26.1247,127.6694,83.17,92,20,5.75
330,Tanete,ID,2022-07-10 21:18:54,-3.9443,119.7848,75.81,90,100,8.14
331,Vrangel,RU,2022-07-10 21:18:54,42.7297,133.0839,65.16,89,100,3.47
332,Tomatlan,MX,2022-07-10 21:18:54,19.9333,-105.25,91.44,56,21,9.06
333,Junagarh,IN,2022-07-10 21:18:55,19.8667,82.9333,77.79,90,80,5.68
334,Boshnyakovo,RU,2022-07-10 21:18:55,49.6333,142.1667,61.92,91,100,3.4
335,Buraydah,SA,2022-07-10 21:18:55,26.326,43.975,91.85,8,98,11.32
336,Lagoa,PT,2022-07-10 21:18:56,39.05,-27.9833,67.77,73,22,5.97
337,Lodja,CD,2022-07-10 21:18:56,-3.4833,23.4333,73.49,36,18,2.33
338,Poum,NC,2022-07-10 21:17:01,-20.2333,164.0167,77.22,83,1,11.72
339,Beringovskiy,RU,2022-07-10 21:17:26,63.05,179.3167,45.48,89,100,17.67
340,Tiksi,RU,2022-07-10 21:18:57,71.6872,128.8694,50.07,74,9,8.34
341,Altay,CN,2022-07-10 21:18:57,47.8667,88.1167,58.89,61,12,6.69
342,Meybod,IR,2022-07-10 21:18:57,32.2501,54.0166,93.22,13,67,7.56
343,Kieta,PG,2022-07-10 21:18:58,-6.2167,155.6333,80.02,80,90,5.37
344,Cedar Rapids,US,2022-07-10 21:15:21,42.0083,-91.6441,84.31,65,0,18.41
345,Dawson Creek,CA,2022-07-10 21:16:22,55.7666,-120.2362,73.04,33,20,21.85
346,Alofi,NU,2022-07-10 21:18:58,-19.0595,-169.9187,76.89,78,90,19.57
347,Mnogovershinnyy,RU,2022-07-10 21:18:58,53.9353,139.9242,67.06,94,100,3.44
348,Dauphin,CA,2022-07-10 21:18:59,51.1494,-100.0502,71.74,68,40,20.71
349,Joshimath,IN,2022-07-10 21:18:59,30.5667,79.5667,70.21,91,99,1.19
350,Trinidad,BO,2022-07-10 21:18:59,-14.8333,-64.9,91.38,46,20,10.36
351,Pilar,BR,2022-07-10 21:19:00,-9.5972,-35.9567,75.13,93,7,5.12
352,Jember,ID,2022-07-10 21:19:00,-8.166,113.7032,71.44,96,86,0.6
353,Monastyrshchina,RU,2022-07-10 21:19:00,54.3496,31.838,59.16,94,100,6.55
354,Fez,MA,2022-07-10 21:19:01,34.0372,-4.9998,89.85,16,0,3.44
355,Pokhara,NP,2022-07-10 21:15:01,28.2333,83.9833,71.67,86,90,4.16
356,Santa Maria Da Boa Vista,BR,2022-07-10 21:15:27,-8.8078,-39.8256,79.2,44,64,12.82
357,Sioux Lookout,CA,2022-07-10 21:19:01,50.1001,-91.917,78.87,78,75,6.91
358,Coihaique,CL,2022-07-10 21:19:02,-45.5752,-72.0662,30.15,80,75,3.44
359,Tuatapere,NZ,2022-07-10 21:19:02,-46.1333,167.6833,33.57,93,81,4.94
360,Marystown,CA,2022-07-10 21:17:04,47.1666,-55.1483,63.86,100,0,8.01
361,Urbana,US,2022-07-10 21:19:03,40.1106,-88.2073,83.08,39,0,4.61
362,Crossfield,CA,2022-07-10 21:15:19,51.4334,-114.0353,73.96,49,21,4.0
363,Olafsvik,IS,2022-07-10 21:19:03,64.8945,-23.7142,50.56,93,100,8.55
364,Eyl,SO,2022-07-10 21:19:04,7.9803,49.8164,78.28,68,60,26.62
365,Kant,IN,2022-07-10 21:19:04,27.8,79.8,90.41,51,8,7.56
366,Jumla,NP,2022-07-10 21:19:04,29.2747,82.1838,62.08,91,96,1.79
367,Wanlaweyn,SO,2022-07-10 21:19:05,2.6185,44.8938,72.88,84,53,13.62
368,Moree,AU,2022-07-10 21:19:05,-29.4667,149.85,43.75,87,0,7.2
369,Brooks,CA,2022-07-10 21:19:06,50.5834,-111.8851,76.98,38,99,9.22
370,Miraflores,MX,2022-07-10 21:19:06,19.2167,-98.8083,78.03,53,79,2.08
371,Shawnee,US,2022-07-10 21:19:06,39.05,-95.7669,95.29,52,0,11.5
372,Rio Gallegos,AR,2022-07-10 21:19:07,-51.6226,-69.2181,23.05,86,0,4.61
373,Xai-Xai,MZ,2022-07-10 21:19:07,-25.0519,33.6442,65.12,63,0,11.48
374,Paray-Le-Monial,FR,2022-07-10 21:19:07,46.4546,4.1158,64.35,68,0,2.3
375,Basco,PH,2022-07-10 21:19:08,20.4487,121.9702,83.73,75,11,12.46
376,Morehead,US,2022-07-10 21:19:08,37.2711,-87.1764,86.95,63,40,4.61
377,Carnot,CF,2022-07-10 21:19:08,4.9409,15.8665,69.4,93,99,1.95
378,Santa Fe,AR,2022-07-10 21:14:53,-31.6333,-60.7,64.0,83,1,17.0
379,Hay River,CA,2022-07-10 21:19:09,60.8156,-115.7999,73.36,53,40,5.75
380,Morozovsk,RU,2022-07-10 21:19:10,48.3539,41.8261,80.71,41,92,13.85
381,Jequie,BR,2022-07-10 21:19:10,-13.8575,-40.0836,66.78,96,81,3.6
382,Dongying,CN,2022-07-10 21:19:10,37.4564,118.4856,72.48,85,0,6.69
383,Rio Claro,BR,2022-07-10 21:19:11,-22.4114,-47.5614,69.03,45,13,3.09
384,Havelock,US,2022-07-10 21:15:11,34.8791,-76.9013,78.78,93,100,1.99
385,Nikolskoye,RU,2022-07-10 21:19:11,59.7035,30.7861,60.69,98,23,3.09
386,Houma,US,2022-07-10 21:18:31,29.5958,-90.7195,75.2,100,100,8.05
387,Udachnyy,RU,2022-07-10 21:19:12,66.4167,112.4,62.46,63,100,6.08
388,Shunyi,CN,2022-07-10 21:19:12,40.125,116.6453,66.15,100,0,2.24
389,Turgenevo,RU,2022-07-10 21:19:12,54.8455,46.3297,61.56,84,94,5.23
390,Labuhan,ID,2022-07-10 21:19:13,-6.8844,112.2051,75.45,87,16,6.91
391,Campbell River,CA,2022-07-10 21:15:20,50.0163,-125.2446,68.59,77,100,6.91
392,Masvingo,ZW,2022-07-10 21:19:13,-20.0637,30.8277,57.16,50,15,5.14
393,Gat,IL,2022-07-10 21:19:13,31.61,34.7642,78.82,100,12,4.99
394,Berovo,MK,2022-07-10 21:19:14,41.7031,22.8578,54.12,73,35,5.23
395,Tautira,PF,2022-07-10 21:19:14,-17.7333,-149.15,77.68,77,77,18.37
396,Severo-Kurilsk,RU,2022-07-10 21:19:14,50.6789,156.125,60.91,74,100,5.68
397,Saldanha,ZA,2022-07-10 21:19:15,-33.0117,17.9442,50.05,77,46,5.44
398,Rathdrum,US,2022-07-10 21:19:15,47.8137,-116.892,80.46,40,40,8.05
399,Alice Springs,AU,2022-07-10 21:19:15,-23.7,133.8833,26.15,80,0,1.14
400,Mosquera,CO,2022-07-10 21:15:50,4.7059,-74.2302,66.29,48,40,8.05
401,Vikhorevka,RU,2022-07-10 21:19:16,56.1201,101.1636,53.19,67,91,2.64
402,Lorengau,PG,2022-07-10 21:19:16,-2.0226,147.2712,81.91,72,65,8.55
403,Bacalar,MX,2022-07-10 21:19:17,18.6667,-88.3833,89.71,55,40,17.27
404,Nemuro,JP,2022-07-10 21:19:17,43.3236,145.575,59.99,99,100,10.98
405,Corinto,GR,2022-07-10 21:16:12,37.9407,22.9573,78.42,53,3,0.83
406,Karratha,AU,2022-07-10 21:19:18,-20.7377,116.8463,63.93,25,0,5.86
407,Karasjok,NO,2022-07-10 21:17:17,69.4719,25.5112,52.93,89,99,8.21
408,Salamiyah,SY,2022-07-10 21:19:18,35.0113,37.0532,70.68,78,0,18.1
409,Habiganj,BD,2022-07-10 21:19:18,24.3833,91.4167,78.66,93,100,4.47
410,Vuktyl,RU,2022-07-10 21:19:19,63.8567,57.3094,62.24,58,80,3.53
411,Tucumcari,US,2022-07-10 21:19:19,35.1717,-103.725,100.94,14,0,14.97
412,Deniliquin,AU,2022-07-10 21:19:19,-35.5333,144.9667,42.1,86,100,6.71
413,Waingapu,ID,2022-07-10 21:19:20,-9.6567,120.2641,74.71,86,85,10.22
414,Dinguiraye,GN,2022-07-10 21:19:20,11.3,-10.7167,74.88,85,95,2.71
415,Zhicheng,CN,2022-07-10 21:19:21,30.2956,111.5047,80.85,80,38,2.37
416,Honningsvag,NO,2022-07-10 21:15:09,70.9821,25.9704,51.55,87,75,4.61
417,Karoi,ZW,2022-07-10 21:19:21,-16.8099,29.6925,54.05,59,0,3.09
418,Tilichiki,RU,2022-07-10 21:19:21,60.4667,166.1,60.28,57,13,8.63
419,Namibe,AO,2022-07-10 21:19:22,-15.1961,12.1522,63.41,87,5,0.85
420,Barsovo,RU,2022-07-10 21:19:22,61.1667,73.1667,60.93,68,49,4.83
421,Walvis Bay,NA,2022-07-10 21:19:22,-22.9575,14.5053,56.08,82,0,10.36
422,Ribeira Grande,PT,2022-07-10 21:19:23,38.5167,-28.7,68.27,75,19,8.08
423,Cristalina,BR,2022-07-10 21:19:23,-16.7686,-47.6136,63.81,48,16,5.14
424,Salinopolis,BR,2022-07-10 21:19:24,-0.6136,-47.3561,78.3,86,94,8.59
425,Klaksvik,FO,2022-07-10 21:19:24,62.2266,-6.589,52.72,93,88,22.66
426,Ewa Beach,US,2022-07-10 21:19:24,21.3156,-158.0072,85.95,52,40,19.57
427,San Quintin,MX,2022-07-10 21:19:25,30.4833,-115.95,74.75,64,6,16.69
428,Enshi,CN,2022-07-10 21:19:25,30.3,109.4833,75.2,94,80,0.56
429,Okhotsk,RU,2022-07-10 21:19:05,59.3833,143.3,59.9,86,42,5.66
430,Pangnirtung,CA,2022-07-10 21:19:25,66.1451,-65.7125,52.14,59,99,4.05
431,Mahajanga,MG,2022-07-10 21:19:26,-15.7167,46.3167,69.82,64,20,8.05
432,High Rock,BS,2022-07-10 21:19:26,26.6208,-78.2833,87.82,67,0,9.48
433,Komsomolskiy,UZ,2022-07-10 21:19:26,40.4272,71.7189,75.92,38,44,2.3
434,Ritchie,ZA,2022-07-10 21:19:27,-29.038,24.6028,42.01,69,5,7.94
435,Rosarito,MX,2022-07-10 21:19:27,32.3333,-117.0333,88.63,60,14,11.68
436,Zevio,IT,2022-07-10 21:19:27,45.3721,11.1293,77.56,50,0,9.22
437,Vila Velha,BR,2022-07-10 21:19:28,-20.3297,-40.2925,73.35,88,75,4.61
438,Padang,ID,2022-07-10 21:19:28,-0.9492,100.3543,76.37,85,100,3.24
439,Korla,CN,2022-07-10 21:19:28,41.7597,86.1469,76.82,27,25,10.02
440,Cherskiy,RU,2022-07-10 21:19:29,68.75,161.3,54.59,50,96,9.66
441,Sitka,US,2022-07-10 21:19:29,57.0531,-135.33,60.69,59,100,13.8
442,Vilyuysk,RU,2022-07-10 21:19:29,63.7553,121.6247,57.92,91,95,3.42
443,Ganzhou,CN,2022-07-10 21:19:30,28.8184,115.4327,81.01,85,93,4.34
444,Sao Joao Da Barra,BR,2022-07-10 21:19:30,-21.6403,-41.0511,73.49,82,42,14.45
445,Golpayegan,IR,2022-07-10 21:19:30,33.4537,50.2884,78.49,17,45,5.73
446,Colares,PT,2022-07-10 21:19:31,38.7992,-9.4469,75.45,42,20,10.36
447,Carauari,BR,2022-07-10 21:16:24,-4.8828,-66.8958,78.69,95,49,1.19
448,Verkhnyaya Inta,RU,2022-07-10 21:19:31,65.9811,60.3094,56.46,67,49,6.42
449,Taunggyi,MM,2022-07-10 21:19:32,20.7833,97.0333,62.98,97,100,2.24
450,Bonthe,SL,2022-07-10 21:19:32,7.5264,-12.505,76.64,84,99,9.71
451,Harper,LR,2022-07-10 21:14:38,4.375,-7.7169,75.25,77,22,7.94
452,Dalvik,IS,2022-07-10 21:19:32,65.9702,-18.5286,51.73,93,100,3.53
453,Dakar,SN,2022-07-10 21:19:33,14.6937,-17.4441,79.68,83,30,10.49
454,Karwar,IN,2022-07-10 21:19:33,14.8,74.1333,77.94,85,100,19.51
455,Venice,US,2022-07-10 21:19:34,27.0998,-82.4543,91.98,66,40,9.22
456,Te Anau,NZ,2022-07-10 21:19:34,-45.4167,167.7167,30.15,92,99,0.6
457,Roma,US,2022-07-10 21:19:34,43.2128,-75.4557,80.73,39,0,5.75
458,Gopalur,IN,2022-07-10 21:19:18,16.6167,77.8,71.91,89,100,16.71
459,Quballat,TN,2022-07-10 21:19:35,36.5418,9.6633,75.97,51,0,4.12
460,Burns Lake,CA,2022-07-10 21:15:06,54.2331,-125.7533,58.42,67,100,11.01
461,Krasnoselkup,RU,2022-07-10 21:19:35,65.7,82.4667,53.78,82,88,7.76
462,Aanekoski,FI,2022-07-10 21:19:36,62.6946,25.818,57.67,100,100,5.06
463,Ketchikan,US,2022-07-10 21:19:36,55.3422,-131.6461,55.87,94,100,24.16
464,Hambantota,LK,2022-07-10 21:19:36,6.1241,81.1185,80.26,79,100,20.31
465,Berlevag,NO,2022-07-10 21:19:37,70.8578,29.0864,57.0,87,0,10.36
466,Milici,BA,2022-07-10 21:19:37,44.1711,19.0903,52.97,75,60,3.94
467,Henties Bay,NA,2022-07-10 21:19:37,-22.116,14.2845,54.57,89,0,8.03
468,Lensk,RU,2022-07-10 21:19:38,60.7253,114.9278,56.8,94,100,2.68
469,Ust-Nera,RU,2022-07-10 21:17:07,64.5667,143.2,73.63,59,100,4.5
470,Rorvik,NO,2022-07-10 21:18:29,64.8621,11.2373,51.91,82,75,5.75
471,Meulaboh,ID,2022-07-10 21:19:38,4.1363,96.1285,76.57,88,100,3.27
472,Ulaangom,MN,2022-07-10 21:19:39,49.9811,92.0667,61.05,50,25,4.32
473,Vigrestad,NO,2022-07-10 21:19:39,58.5667,5.7,55.58,76,27,15.12
474,Aberdeen,GB,2022-07-10 21:19:39,57.1437,-2.0981,60.49,95,100,4.61
475,Gushikawa,JP,2022-07-10 21:19:40,26.3544,127.8686,82.4,89,20,6.91
476,Illela,NG,2022-07-10 21:19:40,13.7292,5.2975,89.58,43,70,4.23
477,Shillong,IN,2022-07-10 21:19:40,25.5689,91.8831,63.27,97,95,3.13
478,Iranshahr,IR,2022-07-10 21:19:41,27.2025,60.6848,86.34,70,100,0.0
479,Fort Saint James,CA,2022-07-10 21:19:41,54.4333,-124.25,56.89,78,100,5.1
480,Gizo,SB,2022-07-10 21:19:41,-8.103,156.8419,80.85,70,88,3.29
481,Maumere,ID,2022-07-10 21:19:42,-8.6199,122.2111,78.01,82,70,7.43
482,Ushtobe,KZ,2022-07-10 21:19:42,45.2514,77.9838,70.36,35,0,5.73
483,Tual,ID,2022-07-10 21:19:42,-5.6667,132.75,79.88,80,86,20.47
484,Kanniyakumari,IN,2022-07-10 21:19:43,8.0833,77.5667,79.95,76,100,20.22
485,Sawakin,SD,2022-07-10 21:19:43,19.1059,37.3321,90.75,55,98,13.0
486,Gladstone,AU,2022-07-10 21:19:35,-23.85,151.25,48.78,71,0,8.05
487,Mount Isa,AU,2022-07-10 21:19:43,-20.7333,139.5,46.17,57,0,5.75
488,Cascais,PT,2022-07-10 21:19:44,38.6979,-9.4215,75.61,42,20,10.36
489,Coquimbo,CL,2022-07-10 21:19:44,-29.9533,-71.3436,56.93,88,75,10.36
490,Nouakchott,MR,2022-07-10 21:19:44,18.0858,-15.9785,75.13,84,4,12.37
491,Polewali,ID,2022-07-10 21:19:45,-3.4324,119.3435,76.78,86,99,2.55
492,Kizukuri,JP,2022-07-10 21:19:45,40.8061,140.3861,73.94,86,100,3.56
493,Pisco,PE,2022-07-10 21:19:45,-13.7,-76.2167,64.45,72,0,20.71
494,Chuy,UY,2022-07-10 21:19:46,-33.6971,-53.4616,65.84,87,23,7.14
495,Sao Gabriel Da Cachoeira,BR,2022-07-10 21:19:46,-0.1303,-67.0892,78.96,89,67,2.21
496,Aitape,PG,2022-07-10 21:19:46,-3.1374,142.3475,76.42,87,77,5.06
497,Oum Hadjer,TD,2022-07-10 21:19:47,13.2954,19.6966,90.97,31,62,1.03
498,Mayor Pablo Lagerenza,PY,2022-07-10 21:19:47,-19.9309,-60.7718,95.92,22,72,15.79
499,Le Mars,US,2022-07-10 21:19:47,42.7942,-96.1656,92.57,42,2,18.99
500,Ilo,PE,2022-07-10 21:19:48,-17.6394,-71.3375,61.32,85,96,7.38
501,Soyo,AO,2022-07-10 21:19:48,-6.1349,12.3689,71.01,87,20,6.33
502,Jiamusi,CN,2022-07-10 21:19:48,46.8333,130.35,65.55,86,14,4.03
503,Flores Da Cunha,BR,2022-07-10 21:15:03,-29.0289,-51.1817,66.13,88,100,3.71
504,Santiago Del Estero,AR,2022-07-10 21:18:06,-27.7951,-64.2615,76.42,36,29,18.97
505,Shahrud,IR,2022-07-10 21:19:49,36.4182,54.9763,76.24,34,0,6.31
506,Coruripe,BR,2022-07-10 21:19:49,-10.1256,-36.1756,72.93,87,22,11.39
507,Wagar,SD,2022-07-10 21:19:50,16.1525,36.2032,85.33,53,100,10.4
508,Nikolsk,RU,2022-07-10 21:19:50,53.7189,46.0712,61.38,93,13,7.29
509,Sijunjung,ID,2022-07-10 21:19:50,-0.6876,100.9537,69.78,95,100,1.81
510,Timizart,DZ,2022-07-10 21:19:51,36.8,4.2667,69.69,62,0,4.36
511,Namatanai,PG,2022-07-10 21:19:51,-3.6667,152.4333,79.43,77,50,6.26
512,Santa Isabel Do Rio Negro,BR,2022-07-10 21:19:51,-0.4139,-65.0192,78.62,95,84,1.05
513,Sisimiut,GL,2022-07-10 21:19:38,66.9395,-53.6735,42.12,80,99,7.7
514,Shache,CN,2022-07-10 21:19:52,38.4167,77.2406,76.71,28,100,4.45
515,Nanakuli,US,2022-07-10 21:19:52,21.3906,-158.1547,85.95,49,40,12.66
516,Skoghall,SE,2022-07-10 21:19:52,59.3232,13.4655,52.36,82,12,3.44
517,Smoky Lake,CA,2022-07-10 21:15:41,54.1169,-112.4686,70.38,52,37,12.66
518,Kununurra,AU,2022-07-10 21:18:46,-15.7667,128.7333,46.38,76,8,0.0
519,Kipushi,CD,2022-07-10 21:19:53,-11.7667,27.2333,56.89,54,1,4.23
520,Nouadhibou,MR,2022-07-10 21:19:53,20.931,-17.0347,71.58,94,75,11.5
521,Tucuma,BR,2022-07-10 21:19:54,-0.1833,-50.05,80.64,79,44,5.5
522,Luzhou,CN,2022-07-10 21:19:54,28.8724,105.4405,79.83,82,12,3.36
523,Muravlenko,RU,2022-07-10 21:19:54,63.7898,74.523,58.48,67,12,10.56
524,Vila,PT,2022-07-10 21:19:55,42.0304,-8.1588,69.69,66,5,1.05
525,Grindavik,IS,2022-07-10 21:19:55,63.8424,-22.4338,51.75,100,100,11.5
526,Maldonado,UY,2022-07-10 21:19:55,-34.6667,-54.9167,65.59,90,83,5.08
527,Wanning,CN,2022-07-10 21:19:56,18.8003,110.3967,80.04,92,87,7.74
528,Farah,AF,2022-07-10 21:19:56,32.5,62.5,83.23,15,0,4.18
529,Chegutu,ZW,2022-07-10 21:19:56,-18.1302,30.1407,56.48,51,44,4.14
530,Cottage Grove,US,2022-07-10 21:19:57,44.8277,-92.9438,84.49,67,40,9.22
531,Peniche,PT,2022-07-10 21:16:12,39.3558,-9.3811,67.28,87,0,14.74
532,Moroni,KM,2022-07-10 21:19:57,-11.7022,43.2551,75.18,69,16,2.1
533,Goderich,CA,2022-07-10 21:15:20,43.7501,-81.7165,71.92,46,1,4.61
534,Vra,DK,2022-07-10 21:19:57,57.3476,9.9515,56.75,81,100,8.79
535,Takaka,NZ,2022-07-10 21:19:58,-40.85,172.8,51.57,90,100,6.42
536,Sobolevo,RU,2022-07-10 21:19:58,54.4299,31.8996,59.36,94,100,6.49
537,Zhigansk,RU,2022-07-10 21:19:58,66.7697,123.3711,58.19,65,39,9.13
538,Vangaindrano,MG,2022-07-10 21:19:59,-23.35,47.6,63.81,86,17,3.98
539,Manaure,CO,2022-07-10 21:19:59,11.7751,-72.4445,90.3,53,100,19.24
540,Ugoofaaru,MV,2022-07-10 21:19:59,5.6667,73.0,81.05,80,100,15.28
541,San Buenaventura,MX,2022-07-10 21:20:00,27.0833,-101.5333,104.47,23,40,9.22
542,Pemberton,CA,2022-07-10 21:20:00,50.3164,-122.8027,65.89,51,99,5.17
543,Beloha,MG,2022-07-10 21:20:01,-25.1667,45.05,65.43,60,0,7.99
544,Parabel,RU,2022-07-10 21:20:01,58.6978,81.4825,57.92,69,17,6.69
545,Sakakah,SA,2022-07-10 21:20:01,29.9697,40.2064,87.37,17,0,12.01
546,Cabedelo,BR,2022-07-10 21:20:02,-6.9811,-34.8339,77.67,80,13,14.67
547,Zapolyarnyy,RU,2022-07-10 21:20:03,69.4154,30.8136,52.88,97,100,6.96
548,Ilulissat,GL,2022-07-10 21:20:03,69.2167,-51.1,42.82,87,100,4.61
549,Homa Bay,KE,2022-07-10 21:20:03,-0.5273,34.4571,68.86,67,83,4.61
550,Mayo,US,2022-07-10 21:20:04,38.8876,-76.5119,85.08,65,20,4.61
551,Turukhansk,RU,2022-07-10 21:20:04,65.8167,87.9833,45.03,70,87,6.35
552,Samarai,PG,2022-07-10 21:20:04,-10.6167,150.6667,80.96,73,34,11.41
553,Cap Malheureux,MU,2022-07-10 21:20:05,-19.9842,57.6142,70.47,67,94,7.0
554,Baghdad,IQ,2022-07-10 21:17:28,33.3406,44.4009,91.31,24,0,13.8
555,Sinnamary,GF,2022-07-10 21:20:05,5.3833,-52.95,78.84,86,43,8.86
556,Asfi,MA,2022-07-10 21:20:06,32.2994,-9.2372,75.09,69,6,10.74
557,Salta,AR,2022-07-10 21:20:06,-24.7859,-65.4117,81.19,21,40,16.11
558,Camacupa,AO,2022-07-10 21:20:07,-12.0167,17.4833,59.95,35,4,2.28
559,Koslan,RU,2022-07-10 21:20:07,63.4564,48.8989,62.42,66,8,4.05
560,Noumea,NC,2022-07-10 21:20:07,-22.2763,166.4572,75.99,99,61,4.9
561,Qandala,SO,2022-07-10 21:20:08,11.472,49.8728,88.86,43,44,32.55
562,Iracoubo,GF,2022-07-10 21:20:08,5.4802,-53.2011,78.62,85,43,9.37
563,Inhambane,MZ,2022-07-10 21:20:08,-23.865,35.3833,68.0,75,0,11.45
564,Fareham,GB,2022-07-10 21:20:09,50.8516,-1.1793,69.91,81,0,4.61
565,Rio Grande,BR,2022-07-10 21:15:33,-32.035,-52.0986,69.94,85,90,11.41
566,Finnsnes,NO,2022-07-10 21:20:09,69.2296,17.9811,56.75,85,39,2.91
567,Non Sang,TH,2022-07-10 21:20:10,16.8687,102.5664,76.68,91,100,2.95
568,Koumac,NC,2022-07-10 21:20:10,-20.5667,164.2833,76.71,83,8,7.4
569,Medicine Hat,CA,2022-07-10 21:15:11,50.0501,-110.6683,76.21,44,75,13.8
